,ZCTA,percent_pos,median_inc,perc_minority,perc_majority,majority,perc_blue,perc_white,white_collar,log_percent_pos,best_fit_lin,best_fit_log,perc_wfh,perc_non_ess,perc_ess
0,10001,0.013479323,71244.61,0.349729882,0.650270118,1,0.52,0.48,0,-4.3065983973111,0.017658350062026207,-4.155248136869707,0.434,0.28300000000000003,0.28300000000000003
1,10002,0.011601083,30843.9574,0.6866969650000001,0.3133030349999999,0,0.6699999999999999,0.33000000000000007,0,-4.456656823158819,0.022862708624901806,-3.7839535366019743,0.22200000000000003,0.20700000000000002,0.5710000000000001
2,10003,0.0072418709999999996,89998.5339,0.236148794,0.763851206,1,0.503,0.497,0,-4.927875680556243,0.015242494422197203,-4.327602547746277,0.371,0.24500000000000002,0.386
3,10004,0.008916776999999999,110183.6857,0.29847847199999994,0.701521528,1,0.279,0.721,1,-4.7198207205530105,0.012642269899752883,-4.5131103894915,0.6060000000000001,0.10900000000000001,0.28400000000000003
4,10005,0.006114823,115133.2855,0.29908899800000005,0.700911002,1,0.32200000000000006,0.6779999999999999,1,-5.097039455478603,0.01200466900857477,-4.558598755667699,0.609,0.11499999999999999,0.275
5,10006,0.006079907,111220.0,0.30654267700000004,0.693457323,1,0.33299999999999996,0.667,1,-5.1027658791736785,0.012508773264081324,-4.522634441183928,0.536,0.22400000000000003,0.241
6,10007,0.006977075,145458.7823,0.244275902,0.755724098,1,0.242,0.758,1,-4.965125504476966,0.008098178672709833,-4.837299531215974,0.4870000000000001,0.15500000000000003,0.359
7,10009,0.010479068000000001,56615.2777,0.379317653,0.620682347,1,0.688,0.31200000000000006,0,-4.558375535341573,0.019542881274392257,-4.020800009452271,0.199,0.259,0.542
8,10010,0.006967091999999999,93702.0061,0.262015455,0.737984545,1,0.31000000000000005,0.69,1,-4.9665573579115385,0.014765418038128057,-4.36163861255236,0.623,0.14100000000000001,0.23700000000000002
9,10011,0.009113964,92359.4888,0.19735603399999999,0.802643966,1,0.40700000000000003,0.593,1,-4.697947536115331,0.014938359338736246,-4.349300459770739,0.5,0.221,0.28
10,10012,0.006065525,81316.7066,0.244375259,0.755624741,1,0.534,0.46599999999999997,0,-5.105134178090044,0.01636087591710806,-4.2478138465868565,0.406,0.31300000000000006,0.28099999999999997
11,10013,0.007558605,69836.0955,0.443790613,0.556209387,1,0.35800000000000004,0.6419999999999999,1,-4.885068629626832,0.017839793034534267,-4.142303449232438,0.23100000000000004,0.162,0.605
12,10014,0.008621251,98449.9155,0.12093620000000001,0.8790638,1,0.502,0.498,0,-4.753525077226319,0.014153798637167005,-4.405273381035789,0.382,0.203,0.41600000000000004
13,10016,0.011829916000000001,96760.4462,0.25221933100000005,0.747780669,1,0.468,0.532,1,-4.437123701608767,0.01437143383492543,-4.389746631143434,0.44899999999999995,0.2,0.35000000000000003
14,10017,0.007910892,102523.5025,0.24567118999999998,0.7543288100000001,1,0.332,0.6679999999999999,1,-4.839514734913199,0.013629044554727536,-4.442710916310178,0.612,0.221,0.16600000000000004
15,10018,0.019923609,84799.0772,0.43029259900000005,0.569707401,1,0.5770000000000001,0.42299999999999993,0,-3.9158498685370433,0.015912281548332532,-4.279817918716897,0.34299999999999997,0.316,0.341
16,10019,0.011898497,84786.4665,0.306927922,0.6930720779999999,1,0.316,0.6839999999999999,1,-4.431343189362497,0.01591390604200541,-4.279702022450023,0.594,0.17,0.23600000000000002
17,10021,0.01068917,113800.3846,0.120098096,0.879901904,1,0.651,0.349,0,-4.5385241996162184,0.012176371537270546,-4.546348980601888,0.222,0.22700000000000004,0.552
18,10022,0.009413655,93106.6559,0.13575993,0.86424007,1,0.32900000000000007,0.6709999999999999,1,-4.665593984220932,0.014842110262433357,-4.3561671584964845,0.5970000000000001,0.199,0.20500000000000002
19,10023,0.007912229,108285.5918,0.18457982199999998,0.815420178,1,0.309,0.6910000000000001,1,-4.839345741703429,0.012886779842188986,-4.495666314445268,0.318,0.479,0.202
20,10024,0.009542211,110998.9883,0.17033551,0.82966449,1,0.479,0.521,1,-4.6520300593680854,0.012537243698576006,-4.520603274716929,0.30300000000000005,0.28400000000000003,0.411
21,10025,0.011658855,65001.2415,0.351395349,0.648604651,1,0.5880000000000001,0.4119999999999999,0,-4.451689301852466,0.018462612523721264,-4.097869632752879,0.261,0.25,0.489
22,10026,0.014099535,31541.8106,0.780225274,0.21977472600000003,0,0.498,0.502,1,-4.261613460865229,0.022772812099887504,-3.7903670252033828,0.394,0.17,0.439
23,10027,0.012951602,38550.3989,0.68911518,0.31088481999999995,0,0.189,0.8109999999999999,1,-4.34653579192391,0.021869975036983853,-3.854778137990447,0.7460000000000001,0.109,0.144
24,10028,0.008913439,105456.4514,0.12283733100000002,0.877162669,1,0.41800000000000004,0.582,1,-4.72019514114769,0.013251225961713234,-4.469665631626612,0.337,0.368,0.29500000000000004
25,10029,0.01914645,32876.522000000004,0.6740260250000001,0.3259739749999999,0,0.6670000000000001,0.33299999999999985,0,-3.955637959130295,0.02260087634497948,-3.802633439328975,0.267,0.07300000000000001,0.6610000000000001
26,10030,0.014155679,28525.1218,0.8904403869999999,0.10955961300000006,0,0.378,0.622,1,-4.257639392653168,0.02316141795591793,-3.7626427140835137,0.35700000000000004,0.199,0.44599999999999995
27,10031,0.017492615,31526.0287,0.751585812,0.24841418800000004,0,0.33699999999999997,0.663,1,-4.045976487119727,0.022774845103344567,-3.790221984619262,0.468,0.173,0.359
28,10032,0.018968629,29535.9721,0.717343148,0.282656852,0,0.765,0.235,0,-3.964968769655396,0.023031201559002838,-3.771932743672516,0.14500000000000002,0.087,0.7670000000000001
29,10033,0.018554868000000002,36462.7783,0.5753439899999999,0.4246560100000001,0,0.41000000000000003,0.59,1,-3.987023098480329,0.022138899557912147,-3.835592253448877,0.45500000000000007,0.223,0.32400000000000007
30,10034,0.013773013,37865.7046,0.6257839,0.37421610000000005,0,0.6100000000000001,0.3899999999999999,0,-4.285044181171689,0.021958176449927293,-3.848485583784922,0.30600000000000005,0.247,0.44500000000000006
31,10035,0.022074252000000003,23301.5744,0.7492713950000001,0.25072860499999994,0,0.65,0.35,0,-3.8133434175509167,0.023834308414122474,-3.7146366840061047,0.217,0.144,0.639
32,10036,0.013161733,62393.3306,0.36319857600000005,0.636801424,1,0.373,0.627,1,-4.330441674824837,0.01879856015204328,-4.073902118051164,0.538,0.19499999999999998,0.266
33,10037,0.016982828000000002,40079.7036,0.9158819469999999,0.08411805300000008,0,0.9009999999999999,0.09900000000000009,0,-4.075552563085624,0.021672972030881647,-3.86883292524589,0.07600000000000001,0.084,0.84
34,10038,0.009385965,55937.3774,0.467044336,0.5329556639999999,1,0.378,0.622,1,-4.668539790574886,0.019630207493253407,-4.014569894226116,0.497,0.17600000000000002,0.327
35,10039,0.015653178,28691.9104,0.8925266030000001,0.10747339699999992,0,0.492,0.508,1,-4.157081315518655,0.02313993246935428,-3.764175553346764,0.46900000000000003,0.212,0.319
36,10040,0.01864441,37107.0105,0.613315834,0.386684166,0,0.642,0.358,0,-3.9822089097243825,0.02205591041910427,-3.84151294833336,0.305,0.226,0.471
37,10044,0.014980311999999999,102485.7479,0.489580654,0.5104193459999999,1,0.7899999999999999,0.21000000000000008,0,-4.201018473339598,0.01363390805229881,-4.4423639397587324,0.16999999999999998,0.10200000000000001,0.727
38,10065,0.010210253,108154.9505,0.139417416,0.860582584,1,0.6729999999999999,0.32700000000000007,0,-4.5843628674847565,0.012903608881438716,-4.49446568014507,0.223,0.176,0.603
39,10069,0.009046214,54236.0986,0.278707444,0.721292556,1,0.24700000000000005,0.7529999999999999,1,-4.705408951341393,0.01984936397516179,-3.9989346113448203,0.384,0.406,0.21100000000000002
40,10075,0.015865652,112267.5519,0.120630911,0.879369089,1,0.558,0.44199999999999995,0,-4.143598758037566,0.012373829015660405,-4.532261769925895,0.258,0.353,0.388
41,10128,0.009332388,105186.9788,0.19636742499999998,0.803632575,1,0.44499999999999995,0.555,1,-4.674264348319073,0.013285939065166182,-4.467189094371367,0.31400000000000006,0.398,0.28800000000000003
42,10280,0.004049446,98937.8355,0.304214949,0.695785051,1,0.259,0.741,1,-5.509175197343768,0.014090945428949318,-4.409757518041106,0.6730000000000002,0.21200000000000002,0.116
44,10301,0.02602432,56776.4674,0.45607716700000006,0.5439228329999999,1,0.532,0.46799999999999997,0,-3.648723793544848,0.01952211703071164,-4.022281393077961,0.272,0.12300000000000001,0.604
45,10302,0.030707537000000003,59919.3561,0.509272841,0.49072715899999997,0,0.757,0.243,0,-3.483247149634385,0.019117254270697465,-4.051165520646546,0.18,0.2,0.621
46,10303,0.029251937000000002,54757.9811,0.661388921,0.338611079,0,0.746,0.254,0,-3.531809485274644,0.01978213576267272,-4.003730874319647,0.099,0.211,0.687
47,10304,0.029904538999999997,46260.4767,0.5215557090000001,0.47844429099999985,0,0.5990000000000001,0.4009999999999999,0,-3.5097450040867972,0.02087677302571567,-3.9256361581102537,0.315,0.16899999999999998,0.514
48,10305,0.025958673999999998,58937.657999999996,0.237562577,0.762437423,1,0.8370000000000001,0.16299999999999992,0,-3.651249467033238,0.0192437153198166,-4.042143408869492,0.115,0.17600000000000002,0.7080000000000002
49,10306,0.024500395,75212.0632,0.12117905899999999,0.878820941,1,0.7150000000000001,0.2849999999999999,0,-3.7090660391124413,0.017147267995143253,-4.191710269413946,0.164,0.247,0.5880000000000001
50,10307,0.022977941,92780.8404,0.065692396,0.934307604,1,0.493,0.507,1,-3.7732206102276873,0.014884081383645952,-4.353172812414225,0.17300000000000001,0.21500000000000002,0.611
51,10308,0.019379845,75667.7216,0.064078663,0.935921337,1,0.6619999999999999,0.3380000000000001,0,-3.943521670487517,0.017088570683511554,-4.195897912251344,0.23700000000000002,0.21400000000000002,0.5459999999999999
52,10309,0.023142762999999997,84917.1256,0.089424645,0.910575355,1,0.7799999999999999,0.22000000000000008,0,-3.766073160714575,0.015897074709783254,-4.280902820337774,0.131,0.35000000000000003,0.52
53,10310,0.027985556,65263.1506,0.4588975238,0.5411024762000001,1,0.7820000000000001,0.21799999999999986,0,-3.576066759049862,0.01842887374032151,-4.10027665908371,0.14100000000000001,0.129,0.7300000000000002
54,10312,0.022319042,84524.3656,0.091831917,0.908168083,1,0.609,0.391,0,-3.8023150635371192,0.01594766953282715,-4.2772932334173595,0.257,0.255,0.486
55,10314,0.026454093999999997,78413.7436,0.241106304,0.758893696,1,0.741,0.259,0,-3.632344350046725,0.01673483176619652,-4.221134711045441,0.194,0.324,0.481
56,10451,0.029436378,22970.4247,0.8097258979999999,0.19027410200000006,0,0.65,0.35,0,-3.5255240225815636,0.023876966679914662,-3.711593314961856,0.21500000000000002,0.161,0.621
57,10452,0.02605221,27673.4674,0.808016346,0.19198365399999995,0,0.446,0.554,1,-3.647652677528996,0.023271126947827896,-3.754815744476239,0.378,0.237,0.385
58,10453,0.024872497,26324.188,0.826035322,0.17396467800000004,0,0.5710000000000002,0.4289999999999998,0,-3.6939926241159036,0.023444939333202623,-3.742415445886199,0.369,0.18200000000000002,0.44900000000000007
59,10454,0.0253645,18024.1362,0.7601842670000001,0.23981573299999992,0,0.6380000000000001,0.3619999999999999,0,-3.674404720359625,0.024514141013812135,-3.666135380665607,0.20500000000000002,0.22000000000000003,0.574
60,10455,0.025613131,22828.7877,0.7512920710000001,0.24870792899999994,0,0.7570000000000001,0.24299999999999988,0,-3.6646501293125864,0.023895212170676118,-3.710291626748579,0.178,0.278,0.546
61,10456,0.022437326,21955.2481,0.8459796409999999,0.1540203590000001,0,0.573,0.42700000000000005,0,-3.7970293676383604,0.024007740385066173,-3.7022635253262757,0.38499999999999995,0.139,0.47500000000000003
62,10457,0.023727768,25474.4498,0.797208353,0.20279164699999996,0,0.647,0.353,0,-3.7411092711124456,0.023554401482766326,-3.7346060867546775,0.219,0.119,0.661
63,10458,0.020533587,25642.1721,0.7028254409999999,0.2971745590000001,0,0.678,0.32199999999999995,0,-3.8856933432909777,0.023532795718205234,-3.736147507012193,0.269,0.163,0.5660000000000001
64,10459,0.0264524,22843.1774,0.767121841,0.23287815899999997,0,0.552,0.44799999999999995,0,-3.6324083875541273,0.023893358508579276,-3.7104238725804066,0.293,0.291,0.41500000000000004
65,10460,0.023409797000000003,23644.951,0.753188743,0.24681125699999995,0,0.463,0.5369999999999999,1,-3.7546006690248177,0.023790075095265116,-3.7177924220755014,0.31,0.3730000000000001,0.317
66,10461,0.033268452000000004,47715.8304,0.40849867400000006,0.5915013259999999,1,0.739,0.261,0,-3.403145718438199,0.02068929628949563,-3.9390113126068833,0.20500000000000002,0.126,0.667
67,10462,0.025848142,46085.2485,0.676857912,0.323142088,0,0.724,0.276,0,-3.6555165568198147,0.020899345690374244,-3.924025756290293,0.233,0.166,0.6000000000000002
68,10463,0.022337443999999998,52301.5618,0.48711196200000006,0.5128880379999999,1,0.6500000000000001,0.34999999999999987,0,-3.801490905494697,0.020098568443712328,-3.9811556146793254,0.236,0.21799999999999997,0.545
70,10465,0.0304038,61446.3421,0.30800378900000003,0.691996211,1,0.54,0.45999999999999996,0,-3.49318767838181,0.018920549956458463,-4.065198998325676,0.30100000000000005,0.171,0.528
71,10466,0.028794547,48469.7389,0.899606271,0.10039372899999999,0,0.7080000000000001,0.2919999999999999,0,-3.547569250045148,0.02059217879497279,-3.94593996690159,0.17700000000000002,0.13,0.692
72,10467,0.028014498999999998,35375.4334,0.734009891,0.265990109,0,0.84,0.16000000000000003,0,-3.575033081401613,0.022278969887892762,-3.8255992146235918,0.106,0.084,0.81
73,10468,0.026955892000000002,28765.1143,0.752204249,0.24779575099999995,0,0.45699999999999996,0.543,1,-3.613553378435351,0.023130502439904683,-3.764848320023521,0.495,0.24400000000000002,0.263
74,10469,0.034926222,57183.0515,0.773528837,0.22647116300000003,0,0.696,0.30400000000000005,0,-3.3545173851885157,0.019469741405413844,-4.026018027789765,0.249,0.196,0.553
75,10470,0.025401762999999997,53207.5286,0.515399203,0.484600797,0,0.7180000000000001,0.2819999999999999,0,-3.6729366979175517,0.0199818630003636,-3.9894817321852054,0.259,0.115,0.626
77,10472,0.024289203,32631.8405,0.751122698,0.24887730200000002,0,0.5790000000000001,0.42099999999999993,0,-3.717723348363108,0.022632395891762802,-3.8003847400162463,0.375,0.21100000000000002,0.41300000000000003
78,10473,0.028233992000000003,36132.1114,0.7657683820000001,0.23423161799999992,0,0.5619999999999999,0.43800000000000006,0,-3.5672286368664894,0.02218149563004774,-3.8325533214872367,0.279,0.254,0.466
79,10474,0.023253896,24244.2862,0.769399886,0.23060011400000002,0,0.8580000000000001,0.1419999999999999,0,-3.761282591094565,0.023712869528537395,-3.7233004995244876,0.078,0.18,0.743
80,10475,0.035109239,47895.0222,0.784466541,0.21553345899999998,0,0.6599999999999999,0.3400000000000001,0,-3.349290963773239,0.020666213039134296,-3.9406581411472783,0.30600000000000005,0.343,0.352
81,11004,0.033083891000000004,75303.738,0.500285388,0.499714612,0,0.922,0.07799999999999996,0,-3.408708791801841,0.0171354585688178,-4.19255278942365,0.055,0.041999999999999996,0.904
82,11101,0.017841094,39955.099,0.5746350659999999,0.4253649340000001,0,0.749,0.251,0,-4.026250830840489,0.02168902343043215,-3.867687770101824,0.18500000000000003,0.28900000000000003,0.526
83,11102,0.016883117,48399.4866,0.44262150999999994,0.5573784900000001,1,0.827,0.17300000000000004,0,-4.081441150463116,0.02060122860321937,-3.9452943263495763,0.135,0.148,0.717
84,11103,0.012672939,52494.8702,0.321170706,0.678829294,1,0.6809999999999999,0.31900000000000006,0,-4.368286346276577,0.020073666711634474,-3.982932179177355,0.169,0.246,0.585
85,11104,0.015735671,50944.0617,0.457660105,0.542339895,1,0.791,0.20899999999999996,0,-4.151825105587253,0.020273439808773882,-3.96867976529186,0.161,0.133,0.706
86,11105,0.01142261,54570.0826,0.245039248,0.754960752,1,0.7680000000000001,0.23199999999999987,0,-4.472160554457218,0.01980634059859724,-4.002004028490221,0.174,0.19,0.635
87,11106,0.014336731,44030.5142,0.45453376300000004,0.545466237,1,0.6869999999999999,0.31300000000000006,0,-4.244930433536141,0.02116403384168988,-3.9051421071045147,0.248,0.254,0.49800000000000005
88,11109,0.007691022,117750.0,0.3332387170000001,0.6667612829999999,1,0.512,0.488,0,-4.8677016044250285,0.011667587312159902,-4.582647178199673,0.385,0.36300000000000004,0.253
89,11201,0.008484154,92174.8101,0.328821781,0.671178219,1,0.6920000000000001,0.30799999999999994,0,-4.769555090629262,0.014962149404288942,-4.3476032049077205,0.243,0.102,0.654
90,11203,0.023048071,47788.2901,0.964515452,0.035484548000000005,0,0.607,0.393,0,-3.77017320067706,0.020679962126904445,-3.9396772398534896,0.366,0.084,0.551
91,11204,0.021850399,42763.549000000006,0.33617887,0.66382113,1,0.6539999999999999,0.3460000000000001,0,-3.8235360967377003,0.02132724262083434,-3.8934983016901654,0.29200000000000004,0.23099999999999998,0.478
92,11205,0.01315561,42903.7942,0.543254223,0.45674577699999996,0,0.536,0.46399999999999997,0,-4.3309069953635015,0.021309176419905637,-3.894787198827274,0.40700000000000003,0.167,0.42500000000000004
93,11206,0.014703053,26439.5376,0.5771881919999999,0.42281180800000007,0,0.784,0.21599999999999997,0,-4.219700119686592,0.023430080150495157,-3.743475544693193,0.16999999999999998,0.192,0.6380000000000001
94,11207,0.018549124,34729.0604,0.886085709,0.11391429099999995,0,0.7400000000000001,0.2599999999999999,0,-3.9873327147634443,0.022362234801721444,-3.819658845119292,0.194,0.25499999999999995,0.552
95,11208,0.019359416,33875.818,0.843356022,0.15664397799999996,0,0.7120000000000002,0.2879999999999998,0,-3.9445763628779438,0.022472148357688324,-3.811817281296645,0.181,0.21399999999999997,0.6060000000000001
96,11209,0.014349128000000001,56906.5301,0.22900962900000002,0.770990371,1,0.649,0.351,0,-4.244066105173391,0.01950536252594763,-4.023476709863666,0.28,0.318,0.402
97,11210,0.021584129,55000.8962,0.6670107089999999,0.3329892910000001,0,0.5840000000000001,0.4159999999999999,0,-3.835797002885227,0.019750843761198053,-4.005963339865352,0.311,0.227,0.4620000000000001
98,11211,0.016906377,37632.4577,0.239499761,0.760500239,1,0.692,0.30800000000000005,0,-4.0800643909488095,0.021988223006682153,-3.8463419720131853,0.225,0.299,0.474
99,11212,0.01962706,27911.2921,0.9547692299999999,0.04523077000000009,0,0.661,0.33899999999999997,0,-3.93084605266957,0.023240490684939698,-3.7570014276580075,0.24,0.154,0.608
100,11213,0.018100913,35084.8797,0.804083616,0.195916384,0,0.526,0.474,0,-4.011792899993561,0.022316398630728717,-3.822928935483155,0.268,0.21000000000000002,0.52
101,11214,0.013857508999999999,35963.5161,0.42444996,0.57555004,1,0.7109999999999999,0.28900000000000015,0,-4.278928027202728,0.022203213853312666,-3.831003878087391,0.20400000000000001,0.27,0.527
102,11215,0.007540339,81331.0535,0.236013105,0.7639868949999999,1,0.7290000000000001,0.2709999999999999,0,-4.887488137760751,0.016359027768450538,-4.247945699073332,0.14700000000000002,0.231,0.621
103,11216,0.010779996000000002,37290.3205,0.8725973930000002,0.12740260699999983,0,0.619,0.381,0,-4.5300630845588685,0.02203229666767292,-3.8431976244164163,0.273,0.30999999999999994,0.41800000000000004
104,11217,0.011495641000000001,72610.5963,0.406315321,0.593684679,1,0.642,0.358,0,-4.465787358946331,0.01748238551591945,-4.167801977082419,0.218,0.231,0.551
105,11218,0.019447576,48010.6089,0.42621643200000003,0.573783568,1,0.789,0.21099999999999997,0,-3.94003284393366,0.020651323313518835,-3.9417204189772352,0.169,0.18600000000000003,0.6450000000000001
106,11219,0.026744858,34969.9857,0.317780116,0.682219884,1,0.756,0.244,0,-3.6214130484166454,0.02233119912364756,-3.821873023782284,0.186,0.17400000000000002,0.6390000000000001
107,11220,0.013100802,37030.1129,0.693849275,0.30615072499999996,0,0.803,0.19699999999999995,0,-4.335081829274937,0.022065816266096074,-3.840806235401363,0.13,0.21100000000000002,0.6580000000000001
108,11221,0.012643884,34005.1582,0.825388173,0.174611827,0,0.515,0.485,0,-4.370581658982776,0.022455486924417466,-3.813005958081969,0.238,0.23600000000000002,0.525
109,11222,0.010358435,54366.9033,0.164590892,0.835409108,1,0.7310000000000001,0.2689999999999999,0,-4.569954115337842,0.019832513886940458,-4.00013674734199,0.154,0.20800000000000002,0.6379999999999999
110,11223,0.0175696,39420.9802,0.338761097,0.661238903,1,0.662,0.33799999999999997,0,-4.041585143120825,0.021757827906881938,-3.8627790517129164,0.22500000000000003,0.23199999999999998,0.5429999999999999
111,11224,0.020061233,34958.4279,0.406669328,0.593330672,1,0.617,0.383,0,-3.90896603273409,0.02233268798413686,-3.82176680399486,0.2,0.2,0.601
112,11225,0.017102001000000002,39782.409,0.8345914950000001,0.16540850499999993,0,0.36000000000000004,0.6399999999999999,1,-4.068559804775682,0.021711269127528215,-3.866100695131648,0.394,0.23900000000000002,0.368
113,11226,0.018498758,38763.3706,0.901350765,0.098649235,0,0.638,0.362,0,-3.990051684286657,0.021842540304641306,-3.85673541434939,0.20900000000000002,0.329,0.4620000000000001
114,11228,0.01260168,55200.2725,0.318632143,0.681367857,1,0.617,0.383,0,-4.373925140579471,0.019725160370278286,-4.007795670257247,0.29100000000000004,0.211,0.49700000000000005
115,11229,0.015834479,49910.6032,0.287347847,0.7126521530000001,1,0.7790000000000001,0.22099999999999986,0,-4.14556550133262,0.02040656856407155,-3.959181959292291,0.16499999999999998,0.177,0.6590000000000001
116,11230,0.02174572,47496.1618,0.286454958,0.713545042,1,0.8,0.19999999999999996,0,-3.8283383224206804,0.02071759370762706,-3.936992489647861,0.15000000000000002,0.131,0.7190000000000001
117,11231,0.009380366999999999,73074.9877,0.311465083,0.688534917,1,0.6890000000000001,0.31099999999999994,0,-4.6691363909298245,0.0174225632307934,-4.172069878914054,0.17600000000000002,0.20400000000000001,0.621
118,11232,0.015252518,34807.855,0.572227135,0.427772865,0,0.774,0.22599999999999998,0,-4.183010674804558,0.022352084585701953,-3.820382992073053,0.14400000000000002,0.171,0.685
119,11233,0.014059022,35422.5954,0.9458786339999999,0.05412136600000006,0,0.752,0.248,0,-4.264490954051677,0.022272894541512284,-3.8260326481156492,0.196,0.13799999999999998,0.6650000000000001
120,11234,0.020947881,67952.9473,0.5216905780000001,0.47830942199999993,0,0.7690000000000001,0.23099999999999987,0,-3.8657177833142753,0.018082377691689876,-4.124996729831477,0.162,0.34,0.499
121,11235,0.021925557999999998,44729.670999999995,0.219494011,0.780505989,1,0.85,0.15000000000000002,0,-3.8201022906486584,0.021073969388650013,-3.911567576196578,0.122,0.132,0.745
122,11236,0.022983923,59567.5509,0.9252745609999999,0.07472543900000006,0,0.6679999999999999,0.3320000000000001,0,-3.772960307467391,0.019162573350644307,-4.047932321113869,0.20900000000000002,0.194,0.5940000000000001
123,11237,0.015899411999999998,35354.7791,0.638447971,0.36155202900000005,0,0.7909999999999999,0.20900000000000007,0,-4.141473151571846,0.022281630547465008,-3.825409395163539,0.13,0.127,0.7420000000000001
124,11238,0.011862853000000001,61468.5107,0.6208030550000001,0.3791969449999999,0,0.45100000000000007,0.5489999999999999,1,-4.43434335784922,0.018917694226765695,-4.065402734675111,0.382,0.133,0.485
125,11239,0.032845062,24882.1176,0.6867020090000001,0.3132979909999999,0,0.725,0.275,0,-3.415953864985349,0.02363070493230855,-3.7291623690602584,0.24500000000000002,0.523,0.23300000000000004
126,11354,0.016884058,50019.4132,0.7198330850000001,0.2801669149999999,0,0.6930000000000001,0.30699999999999994,0,-4.081385415862857,0.02039255180397529,-3.9601819571352745,0.219,0.249,0.531
127,11355,0.01306074,38623.9557,0.83462403,0.16537597000000004,0,0.798,0.20199999999999996,0,-4.338144495177036,0.021860499547423626,-3.855454147928291,0.16,0.117,0.7230000000000001
128,11356,0.020503382,67807.8323,0.490656199,0.509343801,1,0.7820000000000001,0.21799999999999986,0,-3.887165430834998,0.0181010712138052,-4.123663077713248,0.16999999999999998,0.29100000000000004,0.54
129,11357,0.017618165,74096.6311,0.23846743339999998,0.7615325666,1,0.653,0.347,0,-4.038824806916661,0.017290956481030267,-4.181459100458935,0.26,0.262,0.48000000000000004
130,11358,0.01331003,66312.1712,0.49826879,0.50173121,1,0.605,0.395,0,-4.319237392633254,0.018293740295911683,-4.109917485636834,0.268,0.29700000000000004,0.434
131,11360,0.014474288,72853.7515,0.28998093690000004,0.7100190631,1,0.7020000000000001,0.29799999999999993,0,-4.235381444988473,0.01745106258508076,-4.170036649222022,0.196,0.3,0.505
132,11361,0.014240622,70983.2093,0.455708593,0.544291407,1,0.7669999999999999,0.2330000000000001,0,-4.25165669417696,0.017692023354011266,-4.152845782893469,0.15600000000000003,0.10999999999999999,0.733
133,11362,0.014582554,74826.6041,0.43129664,0.56870336,1,0.628,0.372,0,-4.227929396274591,0.01719692232591818,-4.188167780042027,0.22699999999999998,0.308,0.466
134,11363,0.012802071000000002,92955.3212,0.367630223,0.6323697770000001,1,0.5579999999999999,0.44200000000000006,0,-4.358148324269268,0.014861604998065553,-4.354776345395036,0.239,0.27799999999999997,0.483
135,11364,0.011384013,65776.5025,0.538040804,0.461959196,0,0.5369999999999999,0.4630000000000001,0,-4.475545276241618,0.018362744428426846,-4.104994523183439,0.377,0.20299999999999999,0.41900000000000004
136,11365,0.016094969,61097.32,0.5926110020000002,0.40738899799999984,0,0.5449999999999999,0.45500000000000007,0,-4.129248540297215,0.018965510521149136,-4.061991376350181,0.305,0.201,0.49100000000000005
137,11366,0.024027304,76377.4039,0.53983151,0.46016849000000004,0,0.722,0.278,0,-3.7285644286198436,0.01699715034950125,-4.202420113971808,0.204,0.17900000000000002,0.617
138,11367,0.021207919,53564.6755,0.40563256700000005,0.594367433,1,0.533,0.46699999999999997,0,-3.853380629316173,0.019935855809697096,-3.9927640236072097,0.43000000000000005,0.21300000000000002,0.35800000000000004
139,11368,0.032928619,43962.6552,0.679971981,0.320028019,0,0.647,0.353,0,-3.4134131209163243,0.021172775348200053,-3.9045184617260844,0.189,0.348,0.4620000000000001
140,11369,0.039304766,54732.4966,0.656169882,0.34383011799999996,0,0.636,0.364,0,-3.236409495195177,0.01978541864221204,-4.003496663814826,0.18,0.179,0.641
141,11370,0.037214738,37573.9334,0.5829973800000001,0.4170026199999999,0,0.29900000000000004,0.701,1,-3.291050413367019,0.02199576202950084,-3.845804115439689,0.069,0.096,0.833
142,11372,0.03432831,48149.0729,0.541599135,0.458400865,0,0.647,0.353,0,-3.3717849008046743,0.020633486564415184,-3.9429929463307034,0.317,0.31800000000000006,0.366
143,11373,0.029478433999999998,44301.174000000006,0.732820869,0.267179131,0,0.7390000000000001,0.2609999999999999,0,-3.524096333831796,0.021129167804705213,-3.9076295550981035,0.16999999999999998,0.3350000000000001,0.49600000000000005
144,11374,0.021827304,49707.9331,0.38444954100000006,0.6155504589999999,1,0.647,0.353,0,-3.8245936158179665,0.020432676257945134,-3.9573193578509045,0.29100000000000004,0.226,0.48100000000000004
145,11375,0.018533638,69446.0737,0.346383833,0.653616167,1,0.7410000000000001,0.2589999999999999,0,-3.9881679276799056,0.017890035126280533,-4.138719027224198,0.183,0.135,0.683
146,11377,0.021105981,49978.8076,0.621106535,0.378893465,0,0.651,0.349,0,-3.8581988189515912,0.02039778256359081,-3.9598087790044683,0.28600000000000003,0.21400000000000002,0.5
147,11378,0.017275142,59362.7033,0.264972414,0.735027586,1,0.867,0.133,0,-4.058486689391131,0.019188961547184098,-4.046049707768217,0.105,0.167,0.73
148,11379,0.018414309,61824.3232,0.16920823699999998,0.830791763,1,0.639,0.361,0,-3.9946272535469483,0.01887185893173996,-4.068672762544852,0.182,0.253,0.5640000000000001
149,11385,0.016970117,47469.8714,0.344926567,0.655073433,1,0.675,0.32499999999999996,0,-4.076301305240029,0.020720980402137077,-3.9367508726706424,0.212,0.28200000000000003,0.507
150,11411,0.02899947,69131.5808,0.9790903230000001,0.020909676999999904,0,0.6140000000000001,0.3859999999999999,0,-3.5404777250247377,0.01793054768515634,-4.135828739367993,0.33399999999999996,0.22799999999999998,0.437
151,11412,0.029873458,67395.5987,0.986038645,0.013961354999999953,0,0.49100000000000005,0.5089999999999999,1,-3.510784885125327,0.01815417460021102,-4.119874522334097,0.415,0.17600000000000002,0.41000000000000003
152,11413,0.027118724,77058.1467,0.9774105679999999,0.022589432000000076,0,0.8180000000000001,0.18199999999999994,0,-3.6075308671643276,0.016909457963554596,-4.2086763526596735,0.14100000000000001,0.127,0.7310000000000001
153,11414,0.024709949,70964.8067,0.12979960299999999,0.8702003970000001,1,0.683,0.31699999999999995,0,-3.7005493229254722,0.017694393952571576,-4.152676657258828,0.228,0.257,0.516
154,11415,0.023177782,55983.3512,0.377436533,0.622563467,1,0.646,0.354,0,-3.7645611315848746,0.019624285209223324,-4.014992407789518,0.201,0.30200000000000005,0.497
155,11416,0.021935483999999998,46712.5556,0.68227344,0.31772656,0,0.6960000000000001,0.30399999999999994,0,-3.8196496794147783,0.02081853682053342,-3.9297909042260373,0.247,0.126,0.628
156,11417,0.023992232000000002,56102.9338,0.589601962,0.41039803799999997,0,0.5090000000000001,0.4909999999999999,0,-3.7300251676922187,0.01960888073706188,-4.016091409186985,0.218,0.279,0.502
157,11418,0.023599969,57063.3834,0.6304611659999999,0.3695388340000001,0,0.748,0.252,0,-3.7465098805107573,0.019485156891572056,-4.024918240620627,0.14200000000000002,0.10500000000000001,0.754
158,11419,0.020053206,49705.3095,0.876617737,0.12338226299999999,0,0.768,0.23199999999999998,0,-3.9093662377628644,0.02043301422662254,-3.9572952461484796,0.15000000000000002,0.267,0.5830000000000001
159,11420,0.024314792999999998,55055.5659,0.8443883299999999,0.1556116700000001,0,0.397,0.603,1,-3.7166703484260437,0.01974380128284648,-4.006465771462416,0.266,0.52,0.21600000000000003
160,11421,0.024706112000000002,55093.7928,0.567894294,0.432105706,0,0.679,0.32099999999999995,0,-3.7007046165660444,0.019738876944214702,-4.006817088598194,0.229,0.278,0.495
161,11422,0.026494608,68822.9027,0.927428102,0.07257189799999997,0,0.727,0.273,0,-3.630814038391248,0.017970311189197043,-4.132991891337699,0.219,0.38699999999999996,0.393
162,11423,0.027993631,64756.1233,0.847033713,0.15296628700000003,0,0.6980000000000001,0.30199999999999994,0,-3.575778258966572,0.018494188325620234,-4.095616920030922,0.22,0.269,0.51
163,11426,0.021777799,74452.1944,0.537180215,0.462819785,0,0.6559999999999999,0.3440000000000001,0,-3.826864222598518,0.017245153287618505,-4.184726838102939,0.288,0.154,0.5589999999999999
164,11427,0.028580937999999997,57224.3848,0.718984444,0.28101555600000006,0,0.7890000000000001,0.21099999999999985,0,-3.5550152868650313,0.019464416904448063,-4.026397893710575,0.157,0.119,0.7250000000000001
165,11428,0.031433251,71126.5564,0.771859349,0.22814065100000003,0,0.47600000000000003,0.524,1,-3.4598889973143714,0.017673557570432603,-4.154163187459208,0.217,0.30700000000000005,0.476
166,11429,0.030325147,72714.1372,0.9390957980000001,0.06090420199999991,0,0.739,0.261,0,-3.495777976678199,0.017469047514307,-4.168753550252721,0.18200000000000002,0.159,0.661
167,11432,0.024108422999999997,50291.2065,0.761614235,0.23838576499999997,0,0.6010000000000001,0.3989999999999999,0,-3.725193997472462,0.02035753975102179,-3.9626798223474555,0.318,0.196,0.487
168,11433,0.022253282000000003,41780.0631,0.9474102849999999,0.05258971500000009,0,0.71,0.29000000000000004,0,-3.805265775629794,0.02145393397198178,-3.884459759473413,0.19299999999999998,0.274,0.534
169,11434,0.026067395,51640.5104,0.9710970939999999,0.028902906000000117,0,0.7690000000000001,0.23099999999999987,0,-3.647069979312858,0.020183724209589513,-3.9750803461001385,0.11699999999999999,0.137,0.7480000000000001
170,11435,0.023289935,44721.7965,0.736044107,0.263955893,0,0.687,0.31299999999999994,0,-3.759733985987163,0.02107498377131133,-3.911495207085149,0.22999999999999998,0.227,0.542
171,11436,0.022662747999999996,62297.1561,0.961390606,0.038609393999999964,0,0.784,0.21599999999999997,0,-3.787032759772958,0.0188109492237635,-4.07301824439479,0.109,0.171,0.72
172,11691,0.028661281,35645.3949,0.6900974430000001,0.3099025569999999,0,0.617,0.383,0,-3.5522081611399345,0.022244193804989293,-3.8280802450223477,0.203,0.245,0.5529999999999999
173,11692,0.023629174,42385.4913,0.835544768,0.164455232,0,0.733,0.267,0,-3.7452731439592406,0.021375943513063392,-3.890023833493094,0.20600000000000002,0.101,0.6940000000000001
174,11693,0.022679774,54873.712999999996,0.44603893880000006,0.5539610611999999,1,0.55,0.44999999999999996,0,-3.7862817648988654,0.019767227332585558,-4.004794486582899,0.11800000000000001,0.172,0.71
175,11694,0.028753395,75157.2154,0.175372403,0.824627597,1,0.587,0.41300000000000003,0,-3.5489994317539715,0.017154333416100957,-4.191206201022323,0.323,0.18100000000000002,0.496
176,11697,0.024011299,82290.534,0.01838686,0.98161314,1,0.454,0.546,1,-3.729230767755151,0.016235428761139273,-4.256763624175665,0.274,0.189,0.5369999999999999
